地震時間,經度,緯度,規模,深度
2021-06-29 13:30:56,122.18,24.53,4.96,71.13
2021-06-23 13:40:25,121.5,24.07,4.88,23.63
2021-06-20 15:03:56,121.83,24.55,4.02,9.82
2021-06-12 05:58:59,121.06,22.65,5.33,5.93
2021-06-11 16:55:20,121.56,23.87,4.2,10.65
2021-06-11 16:53:48,121.56,23.87,4.34,10.94
2021-06-11 15:36:44,121.52,23.89,4.94,10.78
2021-06-11 15:34:10,121.49,23.88,4.1,8.43
2021-06-11 15:33:26,121.53,23.89,5.46,10.62
2021-06-11 13:14:22,121.52,23.89,4.5,9.9
2021-06-11 13:12:49,121.52,23.9,5.12,11.32
2021-06-10 06:42:32,121.54,23.91,4.45,11.97
2021-05-26 00:48:01,121.49,23.94,5.01,20.19
2021-05-23 03:57:44,121.46,23.88,4.49,22.68
2021-05-19 13:00:28,121.9,24.8,4.27,12.35
2021-05-19 01:54:40,121.36,22.59,4.18,33.82
2021-05-13 16:38:18,121.47,23.07,4.04,38.54
2021-05-08 12:35:02,121.46,23.93,4.06,19.65
2021-05-08 09:04:32,120.82,22.74,4.31,4.06
2021-05-08 05:24:16,120.82,22.73,4.65,3.61
2021-05-06 21:48:02,121.32,22.16,4.18,35.57
2021-05-05 06:42:56,121.37,22.9,4.36,33.16
2021-04-29 22:35:41,121.66,21.87,4.88,29.54
2021-04-29 22:32:58,121.7,21.82,4.78,30.02
2021-04-29 06:30:17,121.48,23.93,4.08,18.65
2021-04-28 07:35:13,120.93,23.14,4.1,1.66
2021-04-28 06:10:52,120.92,23.15,4.81,1.56
2021-04-28 05:48:03,120.92,23.16,4.13,1.49
2021-04-28 04:27:47,120.92,23.16,4.18,1.01
2021-04-21 18:55:58,122.27,24.78,4.44,10.31
2021-04-21 11:01:48,121.44,23.82,4.05,14.68
2021-04-20 15:59:41,120.73,23.59,4.39,16.88
2021-04-18 22:14:38,121.48,23.86,6.26,14.42
2021-04-18 22:11:59,121.44,23.89,4.58,13.47
2021-04-18 22:11:40,121.48,23.87,5.8,16.3
2021-04-16 15:28:15,121.47,23.3,4.65,33.7
2021-04-15 02:09:37,122.02,24.83,4.54,14.67
2021-04-15 00:36:48,121.57,21.97,4.08,17.74
2021-04-12 09:08:08,121.68,24.01,4.09,30.17
2021-04-10 12:47:22,121.32,22.68,4.56,22.9
2021-04-08 00:28:45,121.95,24.39,4.37,28.44
2021-04-07 21:19:36,121.46,23.85,4.94,17.38
2021-04-02 13:50:56,121.07,22.5,4.1,24.58
2021-03-30 06:06:55,122.02,24.81,4.01,13.72
2021-03-28 14:41:18,122.75,24.54,5.54,94.66
2021-03-26 05:30:23,121.29,22.62,4.61,30.91
2021-03-25 01:02:51,121.28,22.84,4.23,18.03
2021-03-17 04:13:14,121.92,24.39,4.31,23.91
2021-03-14 20:30:40,121.43,23.17,4.06,26.1
2021-03-09 09:13:32,121.49,21.84,4.43,18.17
2021-03-09 09:07:09,121.52,21.88,4.85,23.94
2021-03-08 20:25:06,122.27,24.77,4.3,13.85
2021-03-08 09:39:33,121.38,23.24,4.03,20.4
2021-03-04 22:24:58,122.26,24.77,5.07,9.04
2021-03-02 17:23:01,121.16,21.91,5.89,27.63
2021-03-02 13:50:31,120.43,21.99,4.32,40.04
2021-02-25 04:09:08,121.98,24.69,4.77,59.48
2021-02-22 09:50:50,121.56,22.62,5.31,107.89
2021-02-21 01:58:13,121.52,24.08,4.06,21.15
2021-02-18 02:38:49,121.38,22.24,5.25,21.68
2021-02-17 20:07:38,121.2,22.97,4.23,7.5
2021-02-14 12:25:05,121.47,23.14,4.5,41.34
2021-02-11 18:39:40,121.34,23.37,4.49,42.56
2021-02-09 00:58:03,122.02,24.37,5.67,24.67
2021-02-09 00:56:31,122.36,24.36,5.58,70.04
2021-02-08 06:16:56,121.97,24.39,4.44,27.2
2021-02-07 01:36:03,122.61,24.66,6.21,111.27
2021-02-06 18:27:24,120.97,22.55,4.3,15.05
2021-02-04 20:06:48,120.7,23.16,4,7.33
2021-02-04 16:14:02,121.87,21.47,5.77,50.36
2021-01-31 18:12:02,121.35,22.99,4,38.7
2021-01-28 16:05:04,120.97,22.54,4.21,9.01
2021-01-28 15:29:32,120.98,22.54,5.16,9.12
2021-01-25 19:39:24,122.19,24.83,5.04,100.4
2021-01-24 16:33:27,120.41,22.76,4.18,31.77
2021-01-23 11:45:32,120.98,22.53,4.42,8.95
2021-01-17 07:10:59,121.35,22.54,5.51,21.1
2021-01-10 11:23:30,121.44,23.78,4.97,13.67
2021-01-09 19:35:53,122.02,24.73,5.84,72
2021-01-08 23:27:03,121.9,24.42,4.02,24.18
2021-01-08 17:04:16,121.52,21.99,4.18,12.84
2021-01-07 14:01:31,121.89,24.43,4.1,19.93
2021-01-06 04:11:23,121.44,23.79,4.34,14.07
2021-01-06 04:09:27,121.45,23.79,4.34,13.62
2021-01-01 01:42:03,121.79,24.53,4.51,65.16
2020-12-31 06:30:39,121.04,22.44,4.39,9.4
2020-12-26 08:28:47,120.41,22.64,4.23,34.92
2020-12-19 09:17:05,121.64,23.95,4.03,29.88
2020-12-15 02:45:33,122.02,24.72,4.49,67.8
2020-12-11 02:15:09,121.97,24.53,5.75,62.74
2020-12-10 21:27:31,122.01,24.72,4.79,73.32
2020-12-10 21:19:59,122,24.74,6.64,75.71
2020-12-10 13:29:39,121.55,23.45,5.43,38.02
2020-12-02 16:46:52,120.69,22.18,4.01,31.3
2020-11-30 09:57:12,121.55,24.82,4.35,85.3
2020-11-29 21:42:15,122.25,24.2,5.23,31.77
2020-11-26 23:54:52,121.92,24.69,4.4,78.15
2020-11-17 04:14:24,121.01,21.51,5.01,32.44
2020-11-17 02:37:47,121.03,21.6,4.86,37.84
2020-11-16 15:19:12,121.28,21.98,5.38,68.24
2020-11-13 19:15:03,122.04,21.71,4.81,20.61
2020-11-13 03:54:12,121.83,21.51,4.47,22.69
2020-11-12 15:54:52,121.85,21.58,4.16,45.61
2020-11-12 06:48:21,121.76,21.56,4.04,39.02
2020-11-12 05:35:35,121.77,21.54,5,47.9
2020-11-12 05:33:27,121.83,21.6,5.33,33.47
2020-11-11 13:40:46,121.95,21.58,4.21,42.9
2020-11-08 10:45:00,121.01,22.61,4.13,7.38
2020-11-07 20:01:32,121.9,24.5,4.36,11.15
2020-11-06 09:40:18,122.12,23.11,5.66,37.1
2020-11-06 02:36:12,121.37,22.6,5.43,25.85
2020-11-04 21:19:37,121.98,24.66,4.14,61.09
2020-11-04 01:59:06,121.83,21.19,5.32,123.5
2020-10-30 20:09:43,121.82,24.25,4.16,17.86
2020-10-26 09:08:04,121.84,24.58,4.72,63.65
2020-10-23 11:52:16,121.34,22.71,4.19,36.22
2020-10-19 14:06:27,122.79,25.47,5.01,247.15
2020-10-17 23:03:14,120.38,23.28,5.31,15.8
2020-10-17 20:07:56,120.38,23.28,4.26,13.6
2020-10-17 09:16:35,121.68,24.02,4.44,39.29
2020-10-17 05:06:39,120.24,23.08,4.04,17.42
2020-10-12 23:39:44,121.9,24.51,4.87,10.92
2020-10-11 20:39:11,121.67,23.92,4.32,40.26
2020-10-07 00:54:05,121.69,22.53,4.02,23.37
2020-10-06 16:37:35,121.2,23.15,4.11,10.29
2020-10-05 10:05:06,120.82,23.2,4.58,6.57
2020-10-04 03:46:24,120.83,24.21,4.2,27.24
2020-09-30 12:37:20,122.1,24.84,6.02,105.95
2020-09-29 09:14:17,121.02,22.37,5.08,11.67
2020-09-29 06:17:33,121,22.36,4.02,13.28
2020-09-29 04:50:55,121.02,22.38,5.37,11.5
2020-09-29 03:05:08,121.02,22.39,4.49,10.97
2020-09-28 03:22:16,121.35,22.39,4.3,16.53
2020-09-27 03:05:29,121.39,22.39,4.37,19.41
2020-09-25 15:06:22,121.86,23.6,4.58,32.46
2020-09-23 18:20:24,121.53,23.21,4.18,33.41
2020-09-23 12:00:02,121.5,23.32,4.9,32.81
2020-09-21 07:54:48,121.58,22.43,4.72,9.44
2020-09-19 13:01:55,120.88,22.93,4.25,5.65
2020-09-17 09:37:52,121.33,23.05,4.99,19.11
2020-09-05 03:52:11,120.82,23.2,4.23,6.72
2020-09-02 16:44:40,121.21,22.76,4.72,32.23
2020-08-31 09:21:40,121.61,23.76,4.37,35.54
2020-08-28 21:03:32,120.96,22.44,4.16,19.86
2020-08-19 16:17:19,121,22.62,4.29,7.48
2020-08-19 11:13:32,120.39,23.22,4.75,10.89
2020-08-19 08:41:51,120.39,23.23,4.31,10.64
2020-08-19 08:33:02,120.39,23.23,4.55,10.99
2020-08-12 03:50:20,121.31,22.78,4.11,31.17
2020-08-11 13:29:56,121.2,21.76,4.66,47.39
2020-08-11 09:01:06,121.93,24.72,4.87,73.88
2020-08-09 07:24:30,121.04,22.98,4,10.13
2020-07-28 06:08:15,121.67,25.03,4.27,137.3
2020-07-26 20:52:30,122.42,24.26,6.24,53.59
2020-07-26 05:33:59,120.75,24.02,4.18,25.61
2020-07-20 05:06:15,120.65,23.95,4.01,26.2
2020-07-15 04:40:51,121.72,24.46,4.04,38.23
2020-07-09 12:12:03,121.67,24.15,4.74,28.74
2020-07-09 11:24:23,121.68,24.15,4.93,29.38
2020-07-09 00:54:33,121.27,23.25,4.63,23.21
2020-07-07 16:03:07,120.84,23.05,4.02,5.07
2020-07-05 07:28:16,121.65,24.24,4.05,16.71
2020-07-04 21:31:32,121.11,23.87,4.11,29.36
2020-06-30 20:17:12,121.58,23.18,4.56,38.64
2020-06-29 20:52:48,122.34,24.31,5.32,64.59
2020-06-29 13:08:34,121.62,23.87,4.77,41.98
2020-06-27 07:34:45,120.84,23.05,4.34,4.94
2020-06-27 07:27:45,120.84,23.05,5.05,5.37
2020-06-24 00:25:19,121.83,24.09,4.18,6.51
2020-06-22 15:48:23,120.82,23.02,4,4.26
2020-06-21 21:19:13,120.83,23.04,4.21,2.76
2020-06-17 07:17:00,121.97,24.63,4.88,61.44
2020-06-15 02:10:08,121.64,24.4,4.42,40.34
2020-06-12 08:21:35,121.69,24.01,4.75,31.42
2020-06-11 09:38:27,122.39,24.5,5.43,90.79
2020-06-08 22:34:16,121.11,22.53,4.38,29.54
2020-06-07 09:49:23,121.64,24.13,4.97,12.1
2020-05-30 21:02:31,121.55,24.1,4.89,17.53
2020-05-30 08:58:29,120.41,22.73,4.08,24.63
2020-05-30 06:58:07,121.61,24.75,4.13,71.71
2020-05-29 17:29:39,120.81,23.23,4.34,3.92
2020-05-29 03:34:23,120.76,23.65,4.65,14
2020-05-25 06:32:15,121.94,24.34,4.12,26.34
2020-05-25 06:31:30,121.95,24.36,5.24,23.78
2020-05-20 00:50:49,120.52,23.11,4.11,9.99
2020-05-18 06:53:30,121.69,24.03,4.59,31.26
2020-05-14 22:57:36,121.62,23.82,4.13,35.26
2020-05-09 13:45:17,121.69,23.85,4.5,42.44
2020-05-06 21:00:34,121.66,24.17,4.05,15.22
2020-05-06 11:25:09,121.67,23.95,4.12,42.27
2020-05-03 11:24:41,121.57,23.24,5.97,40.25
2020-04-27 19:58:54,120.92,23.11,4.4,2.43
2020-04-27 19:16:49,120.91,23.11,4.42,2.7
2020-04-27 13:51:41,121.17,22.87,4.12,26.91
2020-04-22 21:03:53,120.91,23.11,4.19,3.34
2020-04-21 23:02:12,121.75,24.08,4.55,38.55
2020-04-12 19:36:41,122.2,24.06,5.29,45.44
2020-04-10 19:52:29,121.72,23.9,4.06,18.16
2020-04-09 07:49:20,121.86,24.26,4.86,25.93
2020-04-02 10:52:24,120.46,23.09,4.04,10.22
2020-02-26 13:34:15,121.62,23.88,4.91,26.53
2020-02-25 20:27:03,121.41,24.38,4.18,5.27
2020-02-25 19:14:02,121.41,24.39,5.3,5.13
2020-02-25 09:00:15,122.15,24.54,4.81,76.66
2020-02-24 20:10:33,121.55,23.83,4.51,8.19
2020-02-20 21:16:16,121.55,23.87,4.09,10.16
2020-02-19 19:55:08,121,23.99,4.53,17.35
2020-02-19 13:28:12,121.52,23.88,4.25,9.63
2020-02-19 13:27:45,121.55,23.87,4.84,9.42
2020-02-16 04:50:05,121.54,23.83,4,8.23
2020-02-16 04:13:48,121.55,23.83,4,8.57
2020-02-16 03:20:14,121.52,23.85,5.1,8.7
2020-02-16 03:16:33,121.52,23.84,4.26,9.09
2020-02-15 19:05:00,121.52,23.85,5.31,9.05
2020-02-15 19:00:07,121.51,23.86,5.73,8.32
2020-02-14 05:38:42,121.38,22.4,4.79,26.34
2020-02-14 04:25:07,121.63,23.65,4.22,32.71
2020-02-14 01:49:19,122.12,24.29,5.19,38.62
2020-02-13 15:44:06,120.68,22.67,4.16,32.84
2020-02-08 00:01:26,121.62,24.22,4.01,20.48
2020-02-07 19:57:39,122.09,24.3,4.81,58.29
2020-02-04 01:02:57,121.53,23.57,5.19,33.32
2020-02-02 23:48:10,121.9,24.83,4.38,89.98
2020-01-31 16:24:41,122.04,24.84,4.02,9.89
2020-01-31 14:09:39,122.06,24.84,4.42,12.45
2020-01-28 18:05:54,120.51,23.22,4.33,14.51
2020-01-28 00:12:32,120.63,22.65,4.04,33.17
2020-01-09 03:06:42,121.64,23.91,4.62,40.24
2020-01-06 14:53:55,120.26,23.38,4.87,7.78
2020-01-02 19:33:26,121.69,24.83,4.09,83.83
2020-01-01 03:10:11,121.67,24.08,4.95,10.8
2019-12-23 03:03:03,121.96,24.19,4.21,26.88
2019-12-21 22:09:56,121.39,23.01,4.4,39.57
2019-12-18 10:52:22,121.87,24.26,4.02,24.6
2019-12-17 07:41:52,121.52,24.04,4.19,18.08
2019-12-16 19:25:58,121.76,24.54,5.25,49.73
2019-12-11 22:02:06,121.89,24.79,4.11,10.52
2019-12-10 12:13:55,121.5,24.05,4.13,21.83
2019-12-07 03:32:33,122.68,24.56,5.06,100.41
2019-12-02 01:34:41,121.96,24.39,4.24,26.86
2019-11-25 09:32:42,121.75,24.03,4.6,5.14
2019-11-18 02:56:57,121.7,24.53,4.29,59.83
2019-11-12 02:11:33,121.92,24.88,4.55,109
2019-11-10 08:13:21,121.92,23.94,4.46,37.85
2019-11-08 15:29:01,121.89,24.54,4.1,38.06
2019-11-03 03:26:35,121.91,24.41,4.46,26.89
2019-11-01 21:28:39,121.33,22.6,4.04,35.96
2019-10-28 07:28:03,121.89,24.48,4.5,26.71
2019-10-17 19:44:33,122.5,24.03,5.64,29.62
2019-10-08 01:17:07,122.36,24.66,5.08,14.68
2019-10-05 22:34:24,121.71,24.33,4.21,32.91
2019-10-01 10:17:49,121.03,22.58,4.41,7.24
2019-10-01 02:42:55,120.6,22.91,4.32,15.62
2019-10-01 01:12:58,120.59,22.91,4.54,14.9
2019-09-30 18:38:03,120.59,22.9,4.14,16.18
2019-09-10 14:08:03,121.83,24.04,4.6,5.71
2019-09-08 12:36:30,122.24,24.86,4.31,11.34
2019-09-03 08:47:31,121.5,23.75,4.6,6.85
2019-09-01 07:46:05,122.22,24.85,4.42,11.27
2019-08-31 15:50:19,121.73,22.97,4.79,23.93
2019-08-30 14:46:19,120.66,22.85,4.19,19.39
2019-08-18 12:05:32,121.52,23.72,4.14,3.63
2019-08-18 12:05:15,121.54,23.74,4.97,6.6
2019-08-17 22:52:11,121.53,23.72,4.71,7.04
2019-08-17 22:52:06,121.54,23.74,4.54,7.07
2019-08-16 05:41:40,120.72,23.57,4.71,17.75
2019-08-11 06:12:39,121.53,23.74,4.27,6.12
2019-08-11 05:39:43,121.52,23.72,4.41,4.72
2019-08-11 05:39:25,121.53,23.72,4.22,4.76
2019-08-10 16:03:19,121.51,23.66,4.14,3.48
2019-08-08 07:02:23,121.82,24.61,4.65,68.01
2019-08-08 05:28:04,121.91,24.44,6.24,24.15
2019-08-06 09:31:30,121.52,23.68,4.69,3.65
2019-08-06 09:19:49,121.53,23.67,5.1,4.57
2019-08-05 11:39:39,120.45,23.3,4.06,4.35
2019-08-04 14:25:52,121.53,23.68,4.12,3.04
2019-08-03 06:24:44,121.54,23.69,4.96,4.1
2019-08-02 21:53:09,121.53,23.71,4.65,4.22
2019-07-26 14:39:57,121.84,24.75,4.73,62.65
2019-07-19 18:13:51,122.06,21.78,5.16,28.6
2019-07-15 16:02:08,120.96,22.39,4.08,13.9
2019-07-07 11:51:03,120.13,23.29,4,11.51
2019-07-04 18:10:28,121.61,23.98,4.04,44.5
2019-06-30 03:44:13,122.36,22.32,5.84,46.56
2019-06-30 00:20:06,122.18,25.07,5.06,152.05
2019-06-19 20:03:17,121.38,23.31,4.22,39.9
2019-06-16 00:25:28,121.64,23.85,4.03,37.48
2019-06-15 09:41:15,122.04,23.46,4.42,30.75
2019-06-06 03:27:21,121.58,23.83,4.65,22.41
2019-06-04 20:17:01,121.59,23.25,4.26,41.16
2019-06-04 17:46:19,121.61,22.84,5.93,14.68
2019-05-31 23:53:18,120.58,22.92,4.81,13.44
2019-05-27 22:06:27,121.65,24.49,4.2,44.13
2019-05-25 14:27:41,121.39,23.21,4.4,21.31
2019-05-23 14:12:49,121.55,24.02,4.96,14.45
2019-05-22 09:37:25,121.64,23.96,4.81,28.8
2019-05-19 00:38:34,122.19,24.03,4.76,22.52
2019-05-17 23:37:37,121.48,23.49,4.07,41.67
2019-05-13 16:55:21,121.9,24.75,5.2,87.98
2019-05-08 23:48:47,122.49,24.82,5.1,122.72
2019-05-03 05:47:44,121.92,24.83,4.37,100.9
2019-05-02 18:44:43,121.94,24.49,4.92,41.15
2019-05-01 11:17:59,121.43,23.79,4.21,18.52
2019-04-26 04:51:43,121.53,23.55,4.29,29.87
2019-04-21 16:09:48,121.82,24.75,4,10.01
2019-04-18 13:17:27,121.53,24.08,4.23,20.62
2019-04-18 13:01:07,121.56,24.05,6.32,20.33
2019-04-15 23:26:23,121.52,24.05,4.22,20.03
2019-04-10 06:57:52,121.88,24.19,5.03,25.67
2019-04-10 04:24:14,121.56,23.97,4.87,10.25
2019-04-09 23:13:22,121.57,23.98,5.12,11.65
2019-04-08 21:27:09,121.9,24.18,4.1,25.21
2019-04-08 14:58:10,121.51,22,4.84,17.64
2019-04-06 05:24:55,120.69,22.82,4.56,16.92
2019-04-05 18:49:35,121.4,22.12,4.05,75.31
2019-04-04 20:56:50,121.58,23.71,4.68,31.48
2019-04-04 10:27:14,120.85,22.97,4.15,3.08
2019-04-04 09:56:55,120.86,22.98,5.51,3.48
2019-04-04 09:54:32,120.84,22.97,4.13,4
2019-04-04 09:50:53,120.85,22.97,4.05,2.19
2019-04-03 09:53:29,120.82,22.98,4.28,11.61
2019-04-03 09:52:55,120.87,22.94,5.95,4.87
2019-04-01 10:54:36,122.24,24.93,5.12,128.64
2019-03-25 10:43:22,121.71,23.52,4.06,16.42
2019-03-22 20:05:49,122.45,24.49,4.94,88.75
2019-03-19 12:01:34,121.93,24.75,4.91,83.17
2019-03-17 20:44:23,121.91,24.44,4.25,24.53
2019-03-16 08:45:52,121.39,23.22,4.62,18.92
2019-03-14 05:07:23,121.35,23.06,4.77,17.73
2019-03-13 12:32:35,121.59,23.6,5.42,35.91
2019-03-13 04:19:15,121.86,25.02,5.39,138
2019-03-12 11:53:39,120.62,22.92,4.2,10.78
2019-03-11 23:51:50,121.72,23.42,4.13,28.27
2019-03-10 01:27:30,121.45,23.93,4.06,19.84
2019-03-08 10:55:18,121.42,22.42,4.17,28.35
2019-03-08 10:32:14,121.4,22.44,5.36,24.08
2019-03-07 23:27:01,121.61,23.97,4.03,38.3
2019-03-06 09:33:29,121.79,24.76,4.17,86.65
2019-02-17 18:22:29,120.45,23.12,4.21,14.64
2019-02-15 22:08:07,121.75,23.8,5.17,45.6
2019-02-13 02:23:02,121.58,23.75,4.39,5.36
2019-02-11 18:57:40,120.92,23.15,4.06,1.27
2019-02-10 04:12:57,121.54,25.13,4.04,7.71
2019-02-08 00:52:05,120.61,23.26,5.07,13.71
2019-02-05 19:32:31,121.92,24.34,4.53,35.73
2019-01-31 06:14:03,121.86,24.4,4.07,24.57
2019-01-30 23:14:54,120.59,21.81,5.18,46.75
2019-01-30 13:21:36,122.39,23.74,5.96,39.68
2019-01-22 11:19:27,121.39,22.23,5.07,21.48
2019-01-16 20:52:49,121.67,23.36,4.02,31.22
2019-01-16 04:28:43,121.81,24.45,4.04,7.6
2019-01-14 02:28:27,121.21,22.93,4.36,28.54
2019-01-08 20:16:46,121.53,23.24,5.49,34.03
2019-01-08 06:19:43,121.36,22.79,4.28,13.25
2019-01-04 06:59:21,120.96,22.89,4.47,4.9
2019-01-04 02:02:49,120.97,22.9,4.94,4.79
2019-01-02 14:58:21,121.1,22.11,4.05,17.53
2018-12-29 21:44:58,120.72,23.62,4.16,15.42
2018-12-25 11:56:44,120.8,22.59,4.56,5.77
2018-12-25 11:43:16,121.53,23.2,4.21,36.07
2018-12-23 10:54:43,121.7,24.45,4.04,32.34
2018-12-22 22:47:19,121.72,23.96,4.44,51.51
2018-12-21 21:27:46,122.21,24.55,4.23,9.36
2018-12-17 10:24:20,121.9,23.73,4.27,34.76
2018-12-16 05:21:05,121.91,23.73,5.8,32.87
2018-12-12 21:24:24,121.52,23.91,5.09,12.37
2018-12-10 18:58:08,121.34,23.06,4.61,18.75
2018-12-09 23:15:41,121.52,24.05,5.16,19.68
2018-12-09 00:07:08,120.71,23.62,4.21,15.77
2018-11-21 09:32:16,121.91,24.42,4.27,38.06
2018-11-20 00:31:34,121.92,24.41,4.73,39.15
2018-11-19 22:40:15,121.94,24.35,4.5,25.55
2018-11-19 14:19:02,122.47,23.95,5.03,27.2
2018-11-16 10:01:35,121.81,24.79,4.47,82.3
2018-11-16 08:34:20,122.69,24.31,4.95,69.13
2018-11-10 09:51:20,120.22,23.36,4.42,7.2
2018-11-08 05:05:12,122.57,22.78,5.32,49.2
2018-11-02 01:32:47,121.64,23.57,4.01,47.07
2018-10-31 08:11:28,121.4,23.75,4.27,22.18
2018-10-26 19:33:51,122,23.5,4.34,30.38
2018-10-24 00:04:04,122.63,23.99,5.9,30.1
2018-10-23 12:34:58,122.62,24,6.11,31.19
2018-10-21 07:10:42,121.41,24.08,4.36,62.97
2018-10-10 17:43:12,122.04,24.91,4.55,14.49
2018-10-09 16:12:59,121.38,22.92,4.63,24.77
2018-10-06 03:10:49,121.95,21.14,5.05,158.66
2018-10-04 14:17:29,120.47,22.12,4.65,36.48
2018-09-30 16:27:49,121.61,23.62,4.11,31.11
2018-09-18 04:08:18,121.02,24.02,4.48,18.53
2018-09-12 05:20:15,122.26,24.04,4.67,44.65
2018-09-11 12:43:27,121.52,23.87,4.57,10.31
2018-09-09 21:16:35,121.61,23.93,4.62,44.52
2018-09-08 14:50:40,121.72,24.31,4.42,26.79
2018-09-05 01:53:10,122.05,23.51,4.33,32.79
2018-09-03 13:59:49,121.54,24.09,4.46,19.67
2018-08-31 04:14:24,122.31,24.72,4.66,100.45
2018-08-30 03:53:24,122.41,24.82,4.5,15.16
2018-08-23 04:30:16,121.57,22.88,4.26,18.7
2018-08-18 09:01:26,121,24.01,4.26,17.79
2018-08-18 08:15:17,121,24.01,5.21,17.99
2018-08-17 18:09:43,121.01,24.01,4.92,18.75
2018-08-04 19:53:27,120.03,22.99,4.03,20.3
2018-08-02 21:38:18,120.7,23.64,4.86,13.14
2018-07-25 02:39:23,120.45,22.39,4.02,30.6
2018-07-19 10:30:46,122.05,24.64,4.39,55.54
2018-07-14 19:46:08,121.8,24.56,4.3,67.38
2018-07-14 02:38:40,121.17,22.99,4.84,8.01
2018-07-14 00:47:16,120.72,23.59,4.18,17.33
2018-07-13 14:31:46,121.17,22.99,4.09,9.14
2018-07-13 09:42:17,121.55,23.86,4.04,51.02
2018-07-11 20:41:50,120.21,23.03,4.54,16.75
2018-07-10 21:58:21,120.99,23.07,4.17,3.57
2018-07-04 15:45:33,120.91,23.13,4.28,1.59
2018-07-04 04:10:16,121.18,23.01,4.42,10
2018-07-03 17:20:54,120.9,23.16,4.84,1.01
2018-07-03 03:36:58,120.48,23.44,4.1,12.21
2018-07-02 15:26:26,120.48,23.44,4.74,12.01
2018-07-02 15:26:10,120.48,23.44,4.57,12.05
2018-06-28 14:30:11,121.17,23,4.09,10.59
2018-06-27 23:26:40,121.17,23,4.3,10.39
2018-06-22 13:19:58,120.83,23.21,4.1,4.64
2018-06-16 04:53:55,121.84,24.67,5.33,63.21
2018-06-13 17:49:46,120.99,23.08,4.19,2.45
2018-06-12 04:52:28,121.76,23.98,4.68,5.09
2018-06-11 23:42:05,121.75,23.98,4.51,6.68
2018-06-10 15:29:35,122.02,23.32,4.18,32.48
2018-06-07 02:14:56,121.21,22.84,4.19,8.37
2018-06-02 19:25:16,121.91,24.5,4.29,60.42
2018-06-02 10:01:10,121.05,23.89,4.77,18.25
2018-06-02 01:43:26,121.48,23.94,4.34,18.93
2018-05-31 09:03:18,121.23,22.86,4.76,8.65
2018-05-23 16:30:13,120.3,23.43,4.1,14.18
2018-05-19 11:09:06,122.32,24.95,4.3,17.48
2018-05-13 05:18:45,121.95,24.73,4.37,78.76
2018-05-12 12:17:47,121.69,23.86,4.77,47.7
2018-05-09 00:04:22,121.31,22.68,4.25,37.25
2018-05-04 06:19:44,120.5,23.14,4.18,14.6
2018-05-02 07:47:05,122.36,24.02,5.59,24.75
2018-05-02 00:47:29,122.06,24.48,4.38,59.9
2018-04-29 15:02:38,121,22.36,4.43,12.1
2018-04-27 13:55:54,120.99,22.34,4.59,11.91
2018-04-26 13:46:42,121.07,22.34,4.58,5
2018-04-26 13:44:21,121.05,22.36,4.62,3.7
2018-04-26 11:12:45,121.02,22.36,4.25,10.39
2018-04-21 18:56:55,121.7,23.01,4.7,24.19
2018-04-20 13:25:07,122.37,24.37,4.74,70.59
2018-04-19 10:46:53,121.79,24.24,4.27,16.8
2018-04-18 04:02:29,120.52,23.42,4.02,12.45
2018-04-15 22:11:57,120.68,23.36,4.13,5
2018-04-11 15:39:30,121.67,22.72,4.55,24.75
2018-04-02 00:02:04,120.85,23.82,4.51,29.55
2018-03-29 08:17:50,121.01,24,5,11.08
2018-03-28 18:29:57,121.98,24.65,4.92,63.65
2018-03-22 22:27:51,120.62,23.59,4.73,7.66
2018-03-20 17:22:56,120.54,23.3,5.31,11.21
2018-03-18 10:59:10,121.38,23.2,4.27,18.08
2018-03-15 19:57:50,121.01,24.04,4.16,17.22
2018-03-14 21:03:39,121.83,24.15,4.21,5.74
2018-03-14 18:48:47,121.9,24.16,4.61,8.09
2018-03-06 17:42:10,121.86,24.7,4.95,81.74
2018-03-04 01:35:52,121.71,24.18,4.91,10.13
2018-03-02 11:42:27,122.92,24.32,5.34,42.22
2018-02-26 14:56:09,121.67,23.39,4.12,28.65
2018-02-26 02:28:41,121.9,24.43,5.45,22.11
2018-02-25 03:56:05,121.8,24.79,4.33,77.32
2018-02-22 07:10:41,121.53,23.41,5.66,35.57
2018-02-19 22:47:01,121.61,24.59,5.53,52.68
2018-02-19 03:21:50,121.1,23.86,4.62,27.53
2018-02-17 17:06:37,121.32,22.63,4.5,20.37
2018-02-16 07:34:57,121.71,24.21,4.01,8.56
2018-02-15 02:27:32,121.81,24.18,4.37,7.73
2018-02-14 08:21:46,121.57,23.89,4.21,9.46
2018-02-11 15:39:07,121.57,23.91,4.27,8.5
2018-02-10 15:48:50,121.84,24.23,4.73,10.91
2018-02-10 02:43:09,121.81,24.03,4.71,5.82
2018-02-09 11:56:01,121.6,23.92,4.1,22.65
2018-02-09 10:14:03,121.6,23.93,4.73,21.64
2018-02-09 03:11:06,121.82,24.09,4.37,11.16
2018-02-08 16:40:54,121.74,24.1,4.01,6.55
2018-02-08 11:15:25,121.6,23.97,4.18,7.28
2018-02-08 11:06:04,121.6,23.96,4.82,8.77
2018-02-08 10:41:21,121.75,24.17,4.16,13.31
2018-02-08 08:59:28,121.57,23.98,4.31,8.98
2018-02-08 08:54:39,121.56,23.99,4.45,8.38
2018-02-08 08:54:17,121.58,23.97,5.07,11.54
2018-02-08 02:02:22,121.75,23.97,4.25,6.53
2018-02-07 23:56:04,121.82,24.1,4.43,6
2018-02-07 23:24:04,121.71,24.13,4.39,7.91
2018-02-07 23:23:44,121.72,24.13,4.15,10.64
2018-02-07 23:23:07,121.71,24.11,4.39,10.61
2018-02-07 23:22:20,121.67,24.13,4.05,11.31
2018-02-07 23:21:57,121.71,24.14,4.77,10.53
2018-02-07 23:21:30,121.78,24.08,5.85,7.75
2018-02-07 22:19:20,121.77,23.96,4.62,5.14
2018-02-07 21:08:01,121.74,24.09,4.55,7.33
2018-02-07 21:06:41,121.77,24.08,5.14,7.18
2018-02-07 20:51:58,121.64,24.25,4.01,15.14
2018-02-07 19:58:27,121.78,23.97,4.04,6.44
2018-02-07 19:33:09,121.57,23.9,4.03,10.18
2018-02-07 19:13:06,121.73,24,5.03,8.24
2018-02-07 18:19:48,121.67,24.21,4.53,12.66
2018-02-07 16:23:30,121.68,24.09,4.19,8.3
2018-02-07 13:07:39,121.72,23.99,4.37,7.43
2018-02-07 12:50:43,121.64,24.05,4.39,7.96
2018-02-07 12:39:18,121.61,24,4.05,6.75
2018-02-07 11:57:59,121.66,24.04,4.01,7.42
2018-02-07 11:40:28,121.72,24.21,4.02,8.31
2018-02-07 11:37:37,121.73,24.07,4.47,8.75
2018-02-07 11:36:18,121.74,24.08,5.17,7.42
2018-02-07 10:29:13,121.6,23.96,4.04,6.16
2018-02-07 10:18:03,121.72,24.07,4.99,7.68
2018-02-07 09:21:45,121.72,24,4.4,5.94
2018-02-07 07:43:52,121.65,24.03,4.92,7.45
2018-02-07 07:24:08,121.6,23.98,4.11,5.93
2018-02-07 07:11:43,121.71,24.06,4.87,5.94
2018-02-07 05:02:50,121.59,23.97,4.31,6.46
2018-02-07 04:58:02,121.72,24.24,4.09,13.02
2018-02-07 04:56:23,121.68,24.06,4.92,7.17
2018-02-07 04:51:25,121.69,24.1,4.05,8.61
2018-02-07 03:36:36,121.72,24,4.84,7.06
2018-02-07 03:17:23,121.6,23.98,4.29,6.73
2018-02-07 03:16:49,121.67,24.06,4.33,8.03
2018-02-07 03:15:29,121.73,24.01,5.46,5.65
2018-02-07 03:11:11,121.72,24.12,4.08,7.84
2018-02-07 03:01:10,121.68,24.04,4,8.45
2018-02-07 02:09:24,121.63,24.03,4.48,8.66
2018-02-07 02:08:43,121.63,24.03,4,7.42
2018-02-07 02:08:17,121.68,24.04,4.2,7.43
2018-02-07 02:08:01,121.61,23.99,4.04,11.1
2018-02-07 02:07:53,121.64,24.04,4.26,11.34
2018-02-07 02:07:39,121.71,24.04,5.39,4.17
2018-02-07 02:00:41,121.61,23.98,4.08,6.43
2018-02-07 02:00:13,121.73,24.12,5.38,6.69
2018-02-07 01:50:52,121.59,23.98,4.32,6.59
2018-02-07 01:23:57,121.71,24.11,4.23,8.14
2018-02-07 01:19:25,121.75,24.08,4.15,10.23
2018-02-07 00:26:46,121.61,23.99,4.37,6.85
2018-02-07 00:17:58,121.61,23.99,4.9,5.91
2018-02-06 23:59:20,121.69,24.1,4.11,7.96
2018-02-06 23:54:53,121.62,24,4.54,6.7
2018-02-06 23:54:45,121.6,24.02,4.09,8.41
2018-02-06 23:53:54,121.65,24.13,4.5,12.48
2018-02-06 23:53:48,121.6,23.96,4.95,5.48
2018-02-06 23:52:33,121.59,24.03,4.35,7.61
2018-02-06 23:51:23,121.62,23.99,4.87,6.49
2018-02-06 23:51:21,121.54,23.95,4.74,6.72
2018-02-06 23:50:42,121.73,24.1,6.26,6.31
2018-02-06 21:36:46,121.69,24.14,4.15,9.96
2018-02-06 16:36:49,121.77,24.08,4.58,6.69
2018-02-06 16:26:39,121.76,24.08,4.27,6.23
2018-02-06 14:27:10,121.73,24.11,4.13,8.33
2018-02-06 13:09:15,121.72,24.19,5.09,10.73
2018-02-06 08:35:10,121.71,24.13,4.16,8.41
2018-02-06 01:37:14,121.81,24.15,4.63,13.16
2018-02-06 00:32:06,121.74,24.11,4.28,8.46
2018-02-05 23:58:41,121.74,24.11,5.04,8.32
2018-02-05 17:44:55,121.74,24.1,4.5,8.92
2018-02-05 17:06:43,121.78,24.14,4.56,8.12
2018-02-05 12:36:53,121.72,24.2,4.22,8.67
2018-02-05 02:35:47,121.78,24.19,4.25,7.92
2018-02-05 00:54:23,121.8,24.26,4.56,3.8
2018-02-05 00:18:42,121.76,24.24,4.13,6.21
2018-02-04 23:33:47,121.75,24.23,4.68,5.11
2018-02-04 22:28:27,121.75,24.23,4.04,4.63
2018-02-04 22:22:35,121.7,24.16,4.03,2.22
2018-02-04 22:17:05,121.65,24.13,4.15,8.07
2018-02-04 22:16:55,121.68,24.18,4.98,3.75
2018-02-04 22:13:53,121.72,24.19,4.19,14.31
2018-02-04 22:13:12,121.72,24.15,5.58,10.34
2018-02-04 22:12:50,121.78,24.23,4.16,10.68
2018-02-04 22:12:02,121.73,24.23,4.76,3.96
2018-02-04 22:10:52,121.69,24.23,4.94,3.73
2018-02-04 22:10:38,121.79,24.23,4.25,12.75
2018-02-04 22:05:27,121.77,24.28,4.63,8.19
2018-02-04 22:00:58,121.78,24.26,4.32,5.54
2018-02-04 21:59:55,121.73,24.23,4.19,7.09
2018-02-04 21:59:30,121.81,24.2,4.19,6.61
2018-02-04 21:58:18,121.83,24.2,4.31,11.33
2018-02-04 21:58:04,121.67,24.17,4.15,11.88
2018-02-04 21:57:42,121.71,24.17,5.28,10.23
2018-02-04 21:56:41,121.74,24.15,5.89,10.61
2018-02-04 21:33:10,121.68,24.2,4.32,5.45
2018-02-04 21:12:52,121.7,24.21,5.35,2.99
2018-02-04 03:31:53,121.7,24.18,4.3,10.38
2018-02-04 03:30:57,121.7,24.18,4.79,10.32
2018-02-03 03:42:08,119.79,22.68,4.02,41.21
2018-01-31 23:44:19,120.99,22.97,4.19,6.96
2018-01-28 05:27:13,121.97,24.92,4.12,112.56
2018-01-27 00:31:39,121.02,23,4.24,2.6
2018-01-27 00:31:29,120.99,22.97,4.58,5.71
2018-01-26 13:35:24,121.34,22.72,4.02,88
2018-01-24 12:28:09,121.34,23.05,4.2,18.76
2018-01-21 09:00:16,120.61,22.84,4.07,13.51
2018-01-17 13:59:11,121.72,25.06,5.53,140.19
2018-01-06 00:30:12,122,24.81,4.22,89.95
2018-01-02 03:22:03,121.24,22.86,4.28,8.84
2018-01-01 20:48:23,121.24,22.86,4.02,8
2018-01-01 05:08:42,120.96,22.96,4.06,5.74
2017-12-27 04:02:54,121.35,23.11,4.15,18.96
2017-12-24 23:14:46,120.72,23.59,4.3,16.55
2017-12-18 18:47:19,122.28,24.8,4.03,10.9
2017-12-09 03:13:07,121.69,24.24,4,17.93
2017-12-08 11:44:30,122.42,24.36,5.29,79
2017-12-08 08:00:44,121.95,24.79,4.05,94.55
2017-11-27 12:03:01,120.73,23.59,4.31,13.12
2017-11-27 02:43:45,121.68,24.16,4.46,32.59
2017-11-24 04:55:32,120.71,23.59,5.03,16.41
2017-11-22 22:20:09,120.72,23.58,5.66,15.24
2017-11-12 06:54:21,122.01,24.7,4.61,71.37
2017-11-11 20:24:43,120.71,23.64,4.14,15
2017-11-11 20:23:25,120.71,23.64,4.4,18.61
2017-11-11 20:22:54,120.71,23.64,5.2,14.91
2017-11-11 20:13:04,120.71,23.63,4.03,14.3
2017-11-11 19:14:40,120.71,23.64,4.6,15.34
2017-11-07 01:36:41,120.14,23.87,4.33,22.46
2017-11-04 07:34:48,121.55,23.55,5.29,29.98
2017-11-03 10:48:15,120.96,23.03,4.66,6.61
2017-10-30 07:15:44,122.31,24.12,5.17,26.82
2017-10-30 05:50:43,121.12,23.97,4.15,36.33
2017-10-26 01:23:56,120.71,23.23,4.32,7.61
2017-10-12 02:45:20,122.47,24.78,5.22,114.26
2017-10-09 07:29:52,121.41,22.42,4.79,23.23
2017-09-20 22:29:57,121.78,23.32,5.85,28.98
2017-09-18 06:39:54,121.56,23.57,4.83,28.67
2017-09-15 15:58:44,121.28,22.86,4.19,18.28
2017-09-12 08:06:02,121.79,23.97,4.18,51.61
2017-09-11 10:25:42,122.06,24.77,4.76,70.53
2017-09-05 18:08:06,121.53,24.03,4.24,18.59
2017-09-04 13:42:33,120.84,22.42,4.2,6.93
2017-09-02 23:04:18,121.37,22.57,4.62,36.6
2017-08-23 04:01:06,120.48,21.97,4.12,44.69
2017-08-13 08:08:35,121.28,22,5.15,59.12
2017-08-11 09:58:54,121.4,23.19,4.97,21
2017-08-10 00:05:36,121.43,23.56,4.73,31.86
2017-07-30 09:00:08,120.59,23.19,4.2,8.36
2017-07-27 15:08:13,121.46,21.62,5.18,92.24
2017-07-27 01:28:34,121.59,23.36,4.11,41.86
2017-07-18 03:16:27,121.57,23.59,4.66,35.22
2017-07-15 23:54:20,120.55,21.89,4.31,44.35
2017-06-22 07:36:04,120.06,23.19,4.12,14.59
2017-06-21 15:25:39,121.92,24.66,5.09,62.8
2017-06-17 14:20:12,121.67,24.1,4.12,9.52
2017-06-16 05:29:19,120.41,22.64,4.27,33.21
2017-06-11 00:46:21,121.63,24.62,4.06,58.05
2017-06-04 21:24:47,122.63,24.63,5.16,20.71
2017-05-25 13:48:12,120.52,23.42,4.7,11.78
2017-05-24 21:10:54,120.51,23.42,5.13,12.43
2017-05-24 17:49:04,120.52,23.42,4.22,12.92
2017-05-20 15:21:01,121.02,23.89,4,16.83
2017-05-16 07:12:55,121.43,23.28,5.75,24.91
2017-05-08 15:30:02,121.93,24.42,4.12,23.74
2017-05-05 13:07:30,121.52,23.43,4.63,34.32
2017-04-30 09:57:23,121.65,21.41,6.07,122.28
2017-04-21 00:20:11,120.98,22.95,4.48,7.16
2017-04-18 22:38:01,121.45,23.38,4,32.94
2017-04-17 02:34:17,120.68,23.28,4.55,6.83
2017-04-07 05:40:39,121.92,24.31,4.21,10.16
2017-04-01 11:55:42,121.41,23.22,4.05,24.59
2017-03-30 00:34:03,121.02,22.52,4.5,16.79
2017-03-25 23:02:58,120.63,23.27,4.12,10.29
2017-03-20 15:04:04,122.11,24.79,4.48,10.37
2017-03-20 07:48:09,122.11,24.8,4.55,13.65
2017-03-10 14:03:18,121.77,24.02,4.44,51.6
2017-03-08 06:10:52,122.1,24.31,5.28,59.92
2017-03-07 09:39:47,122.06,24.28,4.35,35.4
2017-02-28 00:18:31,122.94,24.2,5.23,47.87
2017-02-18 20:27:39,121.34,22.55,4.59,20.5
2017-02-14 14:54:35,121.63,22.57,4.33,12.02
2017-02-12 12:30:59,120.13,22.85,4.29,19.25
2017-02-11 01:16:38,120.13,22.86,4,15.93
2017-02-11 01:15:41,120.13,22.86,4.36,15.57
2017-02-11 01:12:53,120.14,22.87,5.71,16.15
2017-01-27 00:12:40,121.69,23.93,4.42,52.84
2017-01-25 15:33:06,121.83,24.24,4.95,57.48
2017-01-20 16:16:27,122.2,24.35,4.51,42.16
2017-01-16 11:43:23,122.01,24.37,4.18,65.96
2017-01-12 01:31:04,120.68,23.11,4.51,9.01
2017-01-04 15:07:22,121.81,24.05,4.76,52.93
2017-01-03 03:23:30,120.97,23.25,4.09,4.61
2016-12-30 08:30:51,122.08,24.81,5.19,75.17
2016-12-25 04:42:48,121.72,24.04,4.23,31.81
2016-12-16 04:05:02,121.29,22.85,4.15,11.74
2016-12-16 00:09:11,121.26,22.85,4.18,11.52
2016-12-15 22:15:12,121.26,22.84,4.33,11.67
2016-12-15 22:14:30,121.27,22.85,5.17,11.39
2016-12-15 22:11:39,121.26,22.85,4.29,11.05
2016-12-12 04:16:06,121.01,21.5,4.34,27.41
2016-12-09 12:09:48,122.05,24.71,5.24,63.1
2016-12-03 14:37:10,121.57,22.78,4.21,23.09
2016-11-30 20:05:23,121.28,22.85,4.09,16.27
2016-11-30 20:04:34,121.27,22.83,5.07,11.84
2016-11-29 23:10:59,121.93,24.42,4.36,25.82
2016-11-29 14:33:31,122.04,24.85,4.16,9.04
2016-11-29 07:59:39,121.27,22.21,4.62,32.25
2016-11-25 05:55:54,122.41,24.08,5.53,27.47
2016-11-12 06:25:31,122.43,24.07,5.33,31.17
2016-11-10 11:15:29,121.91,24.4,4.34,26.63
2016-11-07 19:56:26,121.34,23.03,5.07,20.45
2016-11-07 04:53:55,120.82,23.22,4,7.48
2016-10-29 19:49:19,121.65,24.19,4.29,31.99
2016-10-25 12:45:52,121.35,22.65,5.3,23.69
2016-10-25 04:45:18,121.99,24.13,4.13,49.61
2016-10-24 05:32:17,121.78,24.15,4.23,38.99
2016-10-17 17:24:44,121.35,23.21,4.04,15.75
2016-10-16 21:25:03,121.36,23.21,4.07,16.79
2016-10-06 23:52:01,121.34,22.63,6.15,23.7
2016-09-30 19:35:14,120.51,23.11,4.23,15.39
2016-09-28 17:38:12,122.75,24.45,5.46,96.87
2016-09-24 17:36:49,121.51,24.11,4.23,19.16
2016-09-10 03:29:49,120.55,22.92,4.34,14.38
2016-09-10 00:54:10,122.1,22.13,4.87,40.79
2016-09-01 00:28:54,121.97,24.46,4.93,17.98
2016-08-30 19:45:20,121.65,21.77,4.14,20.67
2016-08-26 18:46:20,121.62,23.94,4.08,42.57
2016-08-25 15:13:38,121.7,24.27,4.44,28.72
2016-08-23 03:08:12,120.94,22.86,4.38,6.78
2016-08-18 22:05:36,121.38,22.07,4.18,86.68
2016-07-27 12:02:36,121.75,24.27,4.81,7.68
2016-07-20 20:55:34,120.99,24.14,4.53,37.98
2016-07-16 10:35:25,121.75,24.36,4.23,19.61
2016-07-14 11:32:24,121.36,23.16,4.42,17.87
2016-07-01 16:23:42,122.31,24.05,4.75,26.83
2016-06-20 15:53:30,121.89,24.88,4.73,106.91
2016-06-20 08:39:47,121.53,23.16,5.07,39.39
2016-06-14 21:54:29,121.9,24.01,4.43,39.37
2016-06-14 17:40:43,121.4,23.74,4.22,21.05
2016-06-05 05:41:38,121.67,24.14,4.07,10.68
2016-05-31 13:23:46,122.68,25.49,6.91,256.89
2016-05-30 10:52:48,121.72,24.17,4.67,13.66
2016-05-30 01:48:37,121.03,23.08,4.5,4.2
2016-05-22 10:06:20,120.6,22.9,4.8,16.92
2016-05-22 04:51:41,120.61,22.9,5.26,18.13
2016-05-21 13:47:47,121.71,24.23,4.45,10.91
2016-05-18 08:22:46,121.57,23.22,5.24,45.75
2016-05-17 18:55:20,121.77,24.18,4,13.14
2016-05-14 17:26:57,121.74,24.18,4.17,10.97
2016-05-14 11:35:05,121.75,24.18,4.37,12.84
2016-05-14 11:34:39,121.74,24.17,4.19,13.02
2016-05-14 11:32:48,121.77,24.17,5.01,11.6
2016-05-14 11:19:10,121.74,24.18,4.23,10.31
2016-05-14 11:12:03,121.76,24.17,4.69,12.4
2016-05-13 21:02:45,121.75,24.17,4.02,12.49
2016-05-13 16:43:41,122.02,24.69,4.39,11.1
2016-05-13 16:24:12,121.98,24.68,5.24,9.77
2016-05-12 14:36:27,122.05,24.69,4.32,11.72
2016-05-12 12:30:54,121.99,24.72,4.24,3.25
2016-05-12 12:29:56,122.02,24.69,5.73,12.03
2016-05-12 11:21:22,121.96,24.69,4.52,9.69
2016-05-12 11:20:52,121.98,24.69,4.63,11.38
2016-05-12 11:18:48,121.94,24.68,4.36,8.71
2016-05-12 11:18:23,121.9,24.7,4.16,9.42
2016-05-12 11:17:15,121.98,24.69,6.1,8.86
2016-05-09 02:50:01,121.78,24.17,4.35,10.88
2016-05-08 10:46:33,121.02,23.99,4.93,19.13
2016-05-07 22:51:29,121.75,24.23,4.23,10.93
2016-05-07 22:51:09,121.76,24.22,4.78,11.82
2016-05-06 15:53:24,121.49,23.47,4.87,29.72
2016-05-06 12:36:02,121.75,24.65,4.23,74.62
2016-05-03 07:55:51,121.71,24.21,4.1,11.42
2016-05-03 04:53:37,121.71,24.23,4.33,11.95
2016-05-02 22:29:01,121.72,24.21,4.88,11.83
2016-05-02 10:27:59,121.02,23.19,4.19,3.41
2016-05-01 13:25:47,121.83,24.23,4.45,12.58
2016-05-01 06:46:57,121.74,24.22,4.78,12.31
2016-04-30 14:13:22,121.83,24.23,4.03,11.01
2016-04-29 08:27:06,121.62,23.94,4.01,8.77
2016-04-28 09:14:47,121.8,24.28,4.5,12.58
2016-04-28 05:48:59,121.78,24.26,4.44,11.71
2016-04-28 05:15:06,121.74,24.24,4.33,11.73
2016-04-28 02:19:17,121.76,24.21,4.43,12.36
2016-04-28 02:19:06,121.23,23.28,5.52,15.21
2016-04-28 01:04:37,121.78,24.23,4.08,11.02
2016-04-28 00:55:31,121.76,24.27,4.07,11.73
2016-04-28 00:33:14,121.77,24.27,4.44,11.79
2016-04-28 00:20:32,121.76,24.26,4.03,11.63
2016-04-27 23:32:26,121.77,24.26,4.1,13
2016-04-27 23:27:39,121.75,24.25,5.13,12.99
2016-04-27 23:18:14,121.77,24.28,4.02,13.03
2016-04-27 23:17:38,121.79,24.31,4.63,11.12
2016-04-27 23:17:14,121.78,24.24,5.67,11.94
2016-04-26 09:45:48,121.59,23.98,4.17,7.64
2016-04-26 04:51:52,121.58,23.98,4.15,8.59
2016-04-25 22:35:06,121.63,23.95,4.17,9.51
2016-04-25 10:58:34,121.01,23.16,4.16,2.22
2016-04-25 10:58:26,121.02,23.17,4.23,6.13
2016-04-19 04:30:37,120.32,23.18,4.4,17.67
2016-04-16 18:55:47,121.8,22.44,5.22,11.83
2016-04-12 11:08:01,121.61,24.01,4.4,9.3
2016-04-11 13:45:09,122.12,24.55,5.66,59.81
2016-04-11 11:25:24,121.79,24.56,4.2,65.41
2016-04-10 21:21:46,122.78,22.68,4.89,65.9
2016-04-08 16:31:15,120.99,22.47,4.19,15.41
2016-03-24 23:05:24,121.01,22.33,4.04,10.98
2016-03-24 17:58:16,121.03,22.32,4.18,9.45
2016-03-22 02:34:53,120.99,22.32,4.34,11.81
2016-03-21 20:22:42,121.05,24.24,4.12,4.68
2016-03-18 11:34:28,120.79,22.73,4.04,27.01
2016-03-11 09:30:25,121.36,21.69,4.03,36.97
2016-03-07 23:18:58,121.7,24.18,4.05,12.25
2016-03-06 22:25:10,120.67,22.82,4.07,20.41
2016-03-06 02:11:06,121.77,24.72,4.67,70.48
2016-03-01 22:42:13,121.5,24.08,4.26,18.63
2016-02-27 10:59:53,121.03,22.33,4.77,12.84
2016-02-23 04:20:01,121.65,23.89,4.04,4.41
2016-02-22 19:55:09,120.95,22.99,4.23,4.1
2016-02-22 19:17:06,120.94,22.99,4,7.55
2016-02-19 05:20:06,120.35,22.96,4.25,24.43
2016-02-18 09:18:31,120.88,23.03,5.13,4.26
2016-02-18 09:12:56,120.87,23.02,4.04,5.2
2016-02-18 09:09:39,120.87,23.02,5.27,5.44
2016-02-17 00:36:20,120.89,23,4.08,4.15
2016-02-16 19:35:27,121.94,24.83,4,10.99
2016-02-16 12:04:54,120.87,23.01,4.97,5.03
2016-02-16 10:45:59,120.89,23,4.76,5.8
2016-02-16 10:40:51,120.89,23,4.27,4.36
2016-02-15 13:22:36,120.86,23.02,4.49,4.93
2016-02-14 01:07:50,121.16,24.24,4.09,5.74
2016-02-09 08:47:00,121.69,23.89,5.12,5.69
2016-02-06 05:07:18,120.36,23.01,4.28,21.06
2016-02-06 04:03:09,120.31,22.97,4.47,26.79
2016-02-06 04:02:39,120.33,22.95,4.17,22.83
2016-02-06 04:01:52,120.35,23.01,4.55,23.24
2016-02-06 04:00:06,120.32,22.97,4.9,24.32
2016-02-06 03:59:06,120.52,22.96,4.41,16.79
2016-02-06 03:58:28,120.43,22.94,5.26,18.1
2016-02-06 03:57:26,120.54,22.92,6.6,14.64
2016-01-22 04:37:28,122.31,24.96,4.42,13.97
2016-01-20 23:35:46,121.33,22.77,4.16,29.68
2016-01-19 10:13:26,121.31,22.79,5.8,29.72
2016-01-14 01:22:37,121.83,24.11,4.38,10.48
2016-01-14 01:11:46,121.84,24.11,4.43,6.53
2016-01-11 12:52:57,121.53,23.43,5.25,33.15
2016-01-10 18:46:18,121.99,24.18,4.39,30.72
2016-01-05 01:20:00,121.39,21.57,4.85,90.98
2016-01-03 22:01:30,122.08,24.6,4.89,66.39
